"chemostat","time","prev0","wildtype","cI857","q","free_virus","logit_q","cI857col"
"chem1",1,1,18745,48270.65,0.724186905352322,67015.65,0.966585354707238,"CFP"
"chem1",2,1,21574,67730,0.760008757509892,89304,1.15415611886821,"CFP"
"chem1",3,1,12397,244870,0.951720122540057,257267,2.98172929742486,"CFP"
"chem1",4,1,27922,2865500,0.990223453080175,2893422,4.62765876119221,"CFP"
"chem1",5,1,12627,4225310,0.997016205109712,4237937,5.81513774407244,"CFP"
"chem1",6,1,44160,47046300,0.999056419040645,47090460,6.99066412636052,"CFP"
"chem1",7,1,NA,NA,NA,NA,NA,"CFP"
"chem1",8,1,NA,NA,NA,NA,NA,"CFP"
"chem1",9,1,NA,NA,NA,NA,NA,"CFP"
"chem1",10,1,NA,NA,NA,NA,NA,"CFP"
"chem1",11,1,NA,NA,NA,NA,NA,"CFP"
"chem1",12,1,572700,400128000,0.998561041965199,400700700,6.54671389332312,"CFP"
"chem1",13,1,NA,NA,NA,NA,NA,"CFP"
"chem1",14,1,2438000,172711500,0.986249142557767,175149500,4.27922165064367,"CFP"
"chem1",15,1,745200,72132450,0.987048064551975,72877650,4.42572396557435,"CFP"
"chem1",16,1,NA,NA,NA,NA,NA,"CFP"
"chem1",17,1,NA,NA,NA,NA,NA,"CFP"
"chem1",18,1,NA,NA,NA,NA,NA,"CFP"
"chem1",19,1,NA,NA,NA,NA,NA,"CFP"
"chem1",20,1,NA,NA,NA,NA,NA,"CFP"
"chem1",21,1,7.498e-09,NA,NA,NA,NA,"CFP"
"chem1",22,1,NA,NA,NA,NA,NA,"CFP"
"chem1",23,1,NA,NA,NA,NA,NA,"CFP"
"chem1",24,1,NA,NA,NA,NA,NA,"CFP"
"chem1",25,1,183080,6408300,0.968439537322771,6617140,3.42378089558939,"CFP"
"chem1",26,1,236440,4785385,0.952241350691803,5021825,2.99503872254572,"CFP"
"chem1",27,1,311190,2909785,0.902414729008245,3220975,2.22846211813358,"CFP"
"chem1",28,1,359490,1062840,0.746748170011299,1422330,1.08586965557785,"CFP"
"chem1",29,1,223560,1383255,0.860696250218191,1606815,1.82518187694955,"CFP"
"chem1",30,1,176640,557470,0.760602497527926,734110,1.15895965811499,"CFP"
"chem1",31,1,113160,505370,0.81391186920939,618530,1.49144071139919,"CFP"
"chem1",32,1,199180,543403,0.730183771849114,742583,1.01276955081886,"CFP"
"chem1",33,1,45747,797130,0.946692216412371,842877,2.88028882671117,"CFP"
"chem1",34,1,47518,617385,0.929036046438029,664903,2.57996568175025,"CFP"
"chem1",35,1,25300,533504,0.954515439601163,558804,3.05846741233283,"CFP"
"chem1",36,1,25323,677300,0.964031073105645,702623,3.29385727595618,"CFP"
"chem1",37,1,43148,1495270,0.980218244369188,1525446,3.90301516507385,"CFP"
"chem1",38,1,43539,1344180,0.968459531948533,1387719,3.42750419882262,"CFP"
"chem1",39,1,50945,1536950,0.978188923257087,1571220,3.80328487621858,"CFP"
"chem1",40,1,54970,995891.5,0.928941010102564,1050861.5,2.76636184052004,"CFP"
"chem1",41,1,64170,1724510,0.959951377841027,1788680,3.2483361317888,"CFP"
"chem1",42,1,83030,2907180,0.971364425138745,2990210,3.54121799185419,"CFP"
"chem1",43,1,79120,4785385,0.983115691532519,4864505,4.13005281003155,"CFP"
"chem1",44,1,202170,7658700,0.970747845392504,7860870,3.81298715471141,"CFP"
"chem2",1,1,7137.7,44620,0.862505540150664,51757.7,1.8374914531007,"YFP"
"chem2",2,1,6942.325,33212,0.830132736104379,40154.325,1.59214251675567,"YFP"
"chem2",3,1,5720.58,102350,0.947166473024295,108070.58,2.89530977219271,"YFP"
"chem2",4,1,10680.5,1276500,0.991723002563901,1287180.5,4.78999268594135,"YFP"
"chem2",5,1,13598.1,13961000,0.999036659750556,13974598.1,6.95537105692188,"YFP"
"chem2",6,1,25893.7,50600000,0.99948854065459,50625893.7,7.60143671696912,"YFP"
"chem2",7,1,54705,41032000,0.998660573378025,41086705,6.61799007162695,"YFP"
"chem2",8,1,139888.5,26450000,0.994713660742947,26589888.5,5.24639276937593,"YFP"
"chem2",9,1,307650.5,16905000,0.982128806728014,17212650.5,4.00658674576541,"YFP"
"chem2",10,1,328751,11431000,0.971012559592185,11759751,3.53665391465192,"YFP"
"chem2",11,1,791920,11799000,0.936849049789742,12590920,2.70070241452563,"YFP"
"chem2",12,1,937800,9614000,0.911207951472847,10551800,2.33639634538634,"YFP"
"chem2",13,1,586125,8625000,0.93505689145773,9211125,2.68319777490416,"YFP"
"chem2",14,1,456396,6854000,0.936359903841222,7310396,2.70407281411102,"YFP"
"chem2",15,1,277172,7383000,0.962527697141889,7660172,3.28214196762543,"YFP"
"chem2",16,1,275348.5,15732000,0.982584784522902,16007348.5,4.03856389246514,"YFP"
"chem2",17,1,242265,14444000,0.982342118264658,14686265,4.07149194076414,"YFP"
"chem2",18,1,166980.5,10465000,0.984264098600912,10631980.5,4.1364162432228,"YFP"
"chem2",19,1,154216,7521000,0.979777977137542,7675216,3.89647867366637,"YFP"
"chem2",20,1,189383.5,10419000,0.981448805871327,10608383.5,4.00695516191657,"YFP"
"chem2",21,1,159686.5,4353900,0.964413790394746,4513586.5,3.30186920059819,"YFP"
"chem2",22,1,231324,3930700,0.94449551522911,4162024,2.83435324631718,"YFP"
"chem2",23,1,153695,2550700,0.944462177860736,2704395,2.84536652873675,"YFP"
"chem2",24,1,NA,NA,NA,NA,NA,"YFP"
"chem2",25,1,253987.5,2605900,0.895556328078414,2859887.5,2.52689910109589,"YFP"
"chem2",26,1,358969,3118800,0.89559352202834,3477769,2.15328246240112,"YFP"
"chem2",27,1,205013.5,2332200,0.920043431227337,2537213.5,2.46106588854566,"YFP"
"chem2",28,1,297751.5,2985400,0.909283715468936,3283151.5,2.30494199612823,"YFP"
"chem2",29,1,301138,3413200,0.918890531449345,3714338,2.42754857143869,"YFP"
"chem2",30,1,158905,2886500,0.947240402479201,3045405,2.90438544537391,"YFP"
"chem2",31,1,92998.5,4533300,0.97968058120889,4626298.5,3.88662465994267,"YFP"
"chem2",32,1,134678.5,3774300,0.965452401915871,3908978.5,3.33110304635646,"YFP"
"chem2",33,1,189904.5,3475300,0.943251782112788,3665204.5,2.85201250576465,"YFP"
"chem2",34,1,145098.5,2753100,0.944282068203067,2898198.5,2.86956105833008,"YFP"
"chem2",35,1,134157.5,1656000,0.924956722064933,1790157.5,2.51239099205153,"YFP"
"chem2",36,1,186257.5,2290800,0.924901995139824,2477057.5,2.51388567490618,"YFP"
"chem2",37,1,NA,2898000,NA,NA,NA,"YFP"
"chem2",38,1,163333.5,1729600,0.91297934352836,1892933.5,2.35235585358251,"YFP"
"chem2",39,1,116443.5,1883700,0.942262488375077,2000143.5,2.79428767854772,"YFP"
"chem2",40,1,170367,2486300,0.935511694142566,2656667,2.76288785408568,"YFP"
"chem2",41,1,186778.5,2300000,0.934314253307165,2486778.5,2.8213696514522,"YFP"
"chem2",42,1,126785.35,2233300,0.956701012205386,2360085.35,3.2193248151641,"YFP"
"chem2",43,1,124258.5,2523100,0.952766194380948,2647358.5,3.00443298513449,"YFP"
"chem2",44,1,89612,2033200,0.952275908677605,2122812,3.03155311090129,"YFP"
"chem3",1,100,38847,162291.5,0.807153892880448,201138.5,1.43164070047935,"CFP"
"chem3",2,100,266800,830995,0.756299934719805,1097795,1.13278853769448,"CFP"
"chem3",3,100,506000,1953750,0.792591358642339,2459750,1.34157393788027,"CFP"
"chem3",4,100,328900,784105,0.695161819974613,1113005,0.832435531717689,"CFP"
"chem3",5,100,322230,1852155,0.851607722364741,2174385,1.74732954294984,"CFP"
"chem3",6,100,147200,1042000,0.87669498071451,1189200,1.9663360474384,"CFP"
"chem3",7,100,167440,394136.5,0.538445396230379,561576.5,0.21535574081133,"CFP"
"chem3",8,100,142600,1104520,0.885346141138418,1247120,2.05210843868592,"CFP"
"chem3",9,100,181700,1310315,0.87652554040855,1492015,1.96198566967085,"CFP"
"chem3",10,100,82110,627544.5,0.880642806121667,709654.5,2.00313975742656,"CFP"
"chem3",11,100,142370,1216535,0.895181308179367,1358905,2.14480559779577,"CFP"
"chem3",12,100,105800,1198300,0.918605260306876,1304100,2.42406008769122,"CFP"
"chem3",13,100,98670,533243.5,0.843597564898626,631913.5,1.68618855532279,"CFP"
"chem3",14,100,94530,538193,0.844149626950145,632723,1.75378502023759,"CFP"
"chem3",15,100,69460,354801,0.826378176382006,424261,1.60462028886698,"CFP"
"chem3",16,100,77510,511882.5,0.864081093773446,589392.5,1.87012994348198,"CFP"
"chem3",17,100,38778,231063.5,0.854088418496743,269841.5,1.79956654970479,"CFP"
"chem3",18,100,90850,708560,0.886359628922327,799410,2.05428458784728,"CFP"
"chem3",19,100,59340,669485,0.918565935261495,728825,2.42302698994469,"CFP"
"chem3",20,100,93150,864860,0.902545891311595,958010,2.22931806975367,"CFP"
"chem3",21,100,NA,NA,NA,NA,NA,"CFP"
"chem3",22,100,NA,NA,NA,NA,NA,"CFP"
"chem3",23,100,NA,NA,NA,NA,NA,"CFP"
"chem3",24,100,NA,NA,NA,NA,NA,"CFP"
"chem3",25,100,122360,1268635,0.911062718556899,1390995,2.33231801735297,"CFP"
"chem3",26,100,63940,601755,0.903166698109079,665695,2.23523185676534,"CFP"
"chem3",27,100,123970,594982,0.824148811950272,718952,1.54825726522223,"CFP"
"chem3",28,100,158470,1177460,0.881111171461344,1335930,2.00444895998935,"CFP"
"chem3",29,100,177330,705955,0.79926117086887,883285,1.38168320932304,"CFP"
"chem3",30,100,166750,755450,0.820282717529974,922200,1.52159005793729,"CFP"
"chem3",31,100,230920,267794,0.524249312857736,498714,0.100683330286673,"CFP"
"chem3",32,100,217350,447799.5,0.631306277286187,665149.5,0.589730220557204,"CFP"
"chem3",33,100,196190,358708.5,0.541115100950969,554898.5,0.28538918168117,"CFP"
"chem3",34,100,172040,356103.5,0.671337772787272,528143.5,0.717272421349646,"CFP"
"chem3",35,100,129260,197459,0.608322296581461,326719,0.441121463984867,"CFP"
"chem3",36,100,129260,495210.5,0.771064284278157,624470.5,1.29725346072823,"CFP"
"chem3",37,100,124890,929985,0.881321237523816,1054875,2.01150195884262,"CFP"
"chem3",38,100,99360,449623,0.817644352499827,548983,1.52543835873032,"CFP"
"chem3",39,100,118910,319373,0.734275509933775,438283,1.02667015495788,"CFP"
"chem3",40,100,91770,254769,0.670331857357283,346539,0.775983394408969,"CFP"
"chem3",41,100,54050,381893,0.854095390691627,435943,1.85214440698103,"CFP"
"chem3",42,100,32476,179745,0.780220101090352,212221,1.48381825976542,"CFP"
"chem3",43,100,57040,342036.5,0.839067356136286,399076.5,1.72498060124266,"CFP"
"chem3",44,100,91770,349070,0.783980552114807,440840,1.29198091067813,"CFP"
"chem4",1,100,27118.05,86250,0.747530984240329,113368.05,1.12418707523023,"YFP"
"chem4",2,100,96124.5,272780,0.736875783820625,368904.5,1.03954663411961,"YFP"
"chem4",3,100,87788.5,308430,0.772026733536912,396218.5,1.24210308183202,"YFP"
"chem4",4,100,145880,427800,0.746289058885153,573680,1.08031112162515,"YFP"
"chem4",5,100,90914.5,229770,0.717964021645007,320684.5,0.937638985544073,"YFP"
"chem4",6,100,120611.5,346380,0.742582885203519,466991.5,1.06254143082174,"YFP"
"chem4",7,100,117746,168590,0.572592629795618,286336,0.301895931839513,"YFP"
"chem4",8,100,145880,152030,0.506886112355156,297910,0.027900256275679,"YFP"
"chem4",9,100,166459.5,279680,0.625745055358821,446139.5,0.515871433189982,"YFP"
"chem4",10,100,108107.5,142370,0.56605208425948,250477.5,0.266183018756191,"YFP"
"chem4",11,100,150048,145590,0.494219552560319,295638,-0.0231718937683621,"YFP"
"chem4",12,100,137283.5,150650,0.525463927214378,287933.5,0.102850469536014,"YFP"
"chem4",13,100,137804.5,156630,0.531542606959887,294434.5,0.126495331103084,"YFP"
"chem4",14,100,102897.5,195960,0.652601880049821,298857.5,0.635035106280377,"YFP"
"chem4",15,100,93259,165140,0.64307451961985,258399,0.598109867735209,"YFP"
"chem4",16,100,80494.5,176180,0.685633444323363,256674.5,0.782901831518608,"YFP"
"chem4",17,100,51214.3,87400,0.636452108728839,138614.3,0.563128331049515,"YFP"
"chem4",18,100,63301.5,171810,0.731988910469048,235111.5,1.00516192883308,"YFP"
"chem4",19,100,56736.9,108560,0.657180309294703,165296.9,0.661249277465331,"YFP"
"chem4",20,100,70074.5,122130,0.635628756037688,192204.5,0.556609312262349,"YFP"
"chem4",21,100,70595.5,199180,0.738314752091,269775.5,1.04547345281952,"YFP"
"chem4",22,100,NA,7.498e-09,NA,NA,NA,"YFP"
"chem4",23,100,NA,NA,NA,NA,NA,"YFP"
"chem4",24,100,NA,NA,NA,NA,NA,"YFP"
"chem4",25,100,52464.7,526700,0.90861956923262,579164.7,2.30442366232195,"YFP"
"chem4",26,100,15187.15,294400,0.94992046103754,309587.15,2.97951231901141,"YFP"
"chem4",27,100,17088.8,91770,0.840816932041372,108858.8,1.69315421581103,"YFP"
"chem4",28,100,36860.75,139150,0.790715663830571,176010.75,1.32974491301306,"YFP"
"chem4",29,100,78410.5,148580,0.649567217993927,226990.5,0.620706395507798,"YFP"
"chem4",30,100,109149.5,198720,0.645816348051414,307869.5,0.600718520940434,"YFP"
"chem4",31,100,130510.5,184690,0.581578547851439,315200.5,0.330199867597472,"YFP"
"chem4",32,100,94196.8,113850,0.576742424046882,208046.8,0.315572557867567,"YFP"
"chem4",33,100,160989,103270,0.427487977597195,264259,-0.37196267327953,"YFP"
"chem4",34,100,98208.5,67390,0.425655085708391,165598.5,-0.32507216691427,"YFP"
"chem4",35,100,71637.5,38180,0.356027957995768,109817.5,-0.621990481866859,"YFP"
"chem4",36,100,125561,78131,0.369823281810783,203692,-0.590302654272699,"YFP"
"chem4",37,100,225593,144210,0.390072255637975,369803,-0.447016112894011,"YFP"
"chem4",38,100,93519.5,89930,0.472472414574338,183449.5,-0.120156712285849,"YFP"
"chem4",39,100,58091.5,40526,0.405595096617419,98617.5,-0.392785913274206,"YFP"
"chem4",40,100,23939.95,48093,0.60498814019277,72032.95,0.541621650862397,"YFP"
"chem4",41,100,34594.4,21528,0.366772152929954,56122.4,-0.58528036659502,"YFP"
"chem4",42,100,34073.4,37950,0.48339607623035,72023.4,-0.0764006509962285,"YFP"
"chem4",43,100,39387.6,39813,0.486655620489527,79200.6,-0.055293466721478,"YFP"
"chem4",44,100,41706.05,47081,0.506862154076082,88787.05,0.0281129581108605,"YFP"
"chem5",1,100,160080,375641,0.701660961099775,535721,0.855698551476125,"CFP"
"chem5",2,100,241270,799735,0.767309886926725,1041005,1.19431902347683,"CFP"
"chem5",3,100,533600,1875600,0.778637639290231,2409200,1.25885760688002,"CFP"
"chem5",4,100,625600,2438280,0.795703406644464,3063880,1.35975552700642,"CFP"
"chem5",5,100,1338600,3198940,0.705451886281904,4537540,0.874167992292465,"CFP"
"chem5",6,100,365470,1563000,0.810603952609735,1928470,1.45412339145579,"CFP"
"chem5",7,100,293710,1766190,0.857937484439647,2059900,1.79949219920494,"CFP"
"chem5",8,100,317170,1461405,0.82366566556569,1778575,1.54863371733085,"CFP"
"chem5",9,100,174340,887002.5,0.814975121703611,1061342.5,1.53294163450889,"CFP"
"chem5",10,100,103040,660367.5,0.860718392513903,763407.5,1.83320091262314,"CFP"
"chem5",11,100,220110,1271240,0.84443650038724,1491350,1.71932194754107,"CFP"
"chem5",12,100,192970,1078470,0.839858401440673,1271440,1.70446037195991,"CFP"
"chem5",13,100,115690,854440,0.878409562302114,970130,2.01163351603939,"CFP"
"chem5",14,100,114310,909145,0.888294981564482,1023455,2.07444707234673,"CFP"
"chem5",15,100,116610,857045,0.876808680271914,973655,2.01739647643406,"CFP"
"chem5",16,100,102810,613477.5,0.844921352078241,716287.5,1.74549836896827,"CFP"
"chem5",17,100,62100,282382,0.818692525317857,344482,1.51024144951995,"CFP"
"chem5",18,100,102810,557470,0.844253896928281,660280,1.69024990880343,"CFP"
"chem5",19,100,56810,554865,0.906956346175172,611675,2.27946480786163,"CFP"
"chem5",20,100,70380,544445,0.885574529703776,614825,2.06653106796624,"CFP"
"chem5",21,100,67390,444934,0.868989371544439,512324,1.89246251807175,"CFP"
"chem5",22,100,66240,564243,0.894132168088985,630483,2.13568020236865,"CFP"
"chem5",23,100,69230,530638.5,0.883111730316803,599868.5,2.02469691289363,"CFP"
"chem5",24,100,NA,NA,NA,NA,NA,"CFP"
"chem5",25,100,36800,295667.5,0.889327022434095,332467.5,2.08388714874066,"CFP"
"chem5",26,100,68540,283684.5,0.804687180738062,352224.5,1.41827070665423,"CFP"
"chem5",27,100,115230,344120.5,0.749294023318654,459350.5,1.09489364600686,"CFP"
"chem5",28,100,155710,427741,0.733405881733137,583451,1.01266239079576,"CFP"
"chem5",29,100,167670,554865,0.767622848342546,722535,1.19848342482838,"CFP"
"chem5",30,100,153410,308953,0.666442878161634,462363,0.692392964577713,"CFP"
"chem5",31,100,93840,251643,0.731789125202391,345483,1.00493550511589,"CFP"
"chem5",32,100,89010,225853.5,0.725187101375058,314863.5,0.975288031582132,"CFP"
"chem5",33,100,137080,275348.5,0.690318887109018,412428.5,0.839021712294064,"CFP"
"chem5",34,100,147660,292281,0.691812296043917,439941,0.844096883786655,"CFP"
"chem5",35,100,179860,468639.5,0.73108948529876,648499.5,1.02648643244879,"CFP"
"chem5",36,100,147200,630410,0.811115428570198,777610,1.45813765556121,"CFP"
"chem5",37,100,157090,1081075,0.871535656287541,1238165,1.92607543025867,"CFP"
"chem5",38,100,68310,593940,0.896149512481515,662250,2.15713635965395,"CFP"
"chem5",39,100,67390,465513.5,0.870108327212846,532903.5,1.9104323997199,"CFP"
"chem5",40,100,71944,400649,0.853772405126957,472593,1.76919924827568,"CFP"
"chem5",41,100,61502,445194.5,0.879147416033123,506696.5,2.01756318747877,"CFP"
"chem5",42,100,61226,376943.5,0.846308594166384,438169.5,1.85331194106572,"CFP"
"chem5",43,100,99130,410808.5,0.798749337708909,509938.5,1.42796935941747,"CFP"
"chem5",44,100,84410,373557,0.807101678904459,457967,1.45417659046453,"CFP"
"chem6",1,100,79452.5,242190,0.75309063397582,321642.5,1.11534203034324,"YFP"
"chem6",2,100,169064.5,639400,0.790791510717793,808464.5,1.33028414099559,"YFP"
"chem6",3,100,172711.5,834900,0.828465821119722,1007611.5,1.57647624710045,"YFP"
"chem6",4,100,331356,972900,0.745840240131541,1304256,1.0766600001498,"YFP"
"chem6",5,100,210223.5,816500,0.793878104503565,1026723.5,1.3529963926244,"YFP"
"chem6",6,100,214912.5,731400,0.772660327371633,946312.5,1.22410592938665,"YFP"
"chem6",7,100,344902,828000,0.704875466874407,1172902,0.873816583568197,"YFP"
"chem6",8,100,269617.5,662400,0.710467945649262,932017.5,0.897850923985422,"YFP"
"chem6",9,100,260500,557060,0.669440861996826,817560,0.722311559356508,"YFP"
"chem6",10,100,216215,386170,0.641111538063148,602385,0.580196506299189,"YFP"
"chem6",11,100,243307,427800,0.636726882645775,671107,0.561333484769016,"YFP"
"chem6",12,100,232105.5,453330,0.661774382917941,685435.5,0.673476956610702,"YFP"
"chem6",13,100,127124,393300,0.76018140521125,530084,1.15367431337296,"YFP"
"chem6",14,100,166720,220800,0.594789033637955,411440,0.383798941277646,"YFP"
"chem6",15,100,162031,319240,0.707499399766405,553951,0.883270062379855,"YFP"
"chem6",16,100,151090,271170,0.705011812022882,512190,0.871279242531662,"YFP"
"chem6",17,100,68251,245870,0.737102819217984,259611,1.03096438478989,"YFP"
"chem6",18,100,98990,229540,0.718033440624377,351070,0.934727662517303,"YFP"
"chem6",19,100,71898,187220,0.740924912978618,277518,1.05078135718614,"YFP"
"chem6",20,100,61999,342700,0.843238541690371,395499,1.68252460947292,"YFP"
"chem6",21,100,6199.9,17480,0.750766806427104,24875.9,1.10270611421998,"YFP"
"chem6",22,100,NA,NA,NA,NA,NA,"YFP"
"chem6",23,100,NA,NA,NA,NA,NA,"YFP"
"chem6",24,100,NA,NA,NA,NA,NA,"YFP"
"chem6",25,100,77108,311650,0.801674653420855,388758,1.39807550812397,"YFP"
"chem6",26,100,57831,282900,0.829895201107436,340731,1.59574617055297,"YFP"
"chem6",27,100,172711.5,563500,0.766986457859651,736211.5,1.24187173889551,"YFP"
"chem6",28,100,273004,568100,0.672248694802003,841104,0.75229223125437,"YFP"
"chem6",29,100,243828,352360,0.573026506748457,596188,0.351615789525449,"YFP"
"chem6",30,100,131552.5,548090,0.804013815355846,679642.5,1.41274899012162,"YFP"
"chem6",31,100,155518.5,360180,0.647552271864162,515698.5,0.724119810376261,"YFP"
"chem6",32,100,97948,242880,0.698576921780409,340828,0.848427298570996,"YFP"
"chem6",33,100,182350,269790,0.592579785988812,452140,0.382806154910157,"YFP"
"chem6",34,100,189644,365470,0.643271476344496,555114,0.637401012337538,"YFP"
"chem6",35,100,133897,285660,0.680614018068412,419557,0.759303507842795,"YFP"
"chem6",36,100,143014.5,205620,0.583737184266068,348634.5,0.341483341680312,"YFP"
"chem6",37,100,238097,198490,0.455487143469032,436587,-0.178843829618551,"YFP"
"chem6",38,100,113838.5,149730,0.568141016224716,263568.5,0.274399998086828,"YFP"
"chem6",39,100,72419,149500,0.673733261433601,221919,0.725166180328299,"YFP"
"chem6",40,100,28550.8,87400,0.754262191851496,115950.8,1.12149542319238,"YFP"
"chem6",41,100,18599.7,92000,0.833047652596379,110599.7,1.60769811560316,"YFP"
"chem6",42,100,36600.25,179400,0.803345746188306,216000.25,1.50693986838088,"YFP"
"chem6",43,100,50901.7,230460,0.797666511658371,281361.7,1.4602515230767,"YFP"
"chem6",44,100,72940,213440,0.74462742228208,286380,1.0731460701502,"YFP"
"chem7",1,1,5750,3511.54,0.379135538245505,9261.54,-0.495211685762248,"CFP"
"chem7",2,1,3944.5,10941,0.733178918799582,14885.5,1.01230491342732,"CFP"
"chem7",3,1,2990,87267.5,0.966885796674793,90257.5,3.37413826428069,"CFP"
"chem7",4,1,12995,1899045,0.993189486433119,1912040,4.98268083283054,"CFP"
"chem7",5,1,112240,28915500,0.99608698143389,29027740,5.54411669425982,"CFP"
"chem7",6,1,NA,NA,NA,NA,NA,"CFP"
"chem7",7,1,1338600,525949500,0.997426941200666,527288100,5.96642916330369,"CFP"
"chem7",8,1,995900,314423500,0.996838065934428,315419400,5.76766843598428,"CFP"
"chem7",9,1,634800,183392000,0.996433037242002,184026800,5.65629456574168,"CFP"
"chem7",10,1,821100,145098500,0.994377770093549,145919600,5.17589355687664,"CFP"
"chem7",11,1,710700,79973500,0.991165704707996,80684200,4.72373751524493,"CFP"
"chem7",12,1,558900,43894250,0.987050363359038,44453150,4.35028130314443,"CFP"
"chem7",13,1,533600,29384400,0.981311225688596,29918000,3.9774005826093,"CFP"
"chem7",14,1,398130,21777800,0.981730527946302,22175930,3.98702792316685,"CFP"
"chem7",15,1,329820,21569400,0.984954584594699,21899220,4.18804668934633,"CFP"
"chem7",16,1,276000,20709750,0.986890144786884,20985750,4.32598654733986,"CFP"
"chem7",17,1,175260,13936750,0.987606745437157,14112010,4.39467114024315,"CFP"
"chem7",18,1,185840,13129200,0.986042007305399,13315040,4.25764725204693,"CFP"
"chem7",19,1,435390,24408850,0.981569469519699,24844240,4.004443785949,"CFP"
"chem7",20,1,125580,13207350,0.990656759941423,13332930,4.67219082297123,"CFP"
"chem7",21,1,117530,9794800,0.98814483602132,9912330,4.4231096647079,"CFP"
"chem7",22,1,82340,6825100,0.987931239090344,6907440,4.41182419494766,"CFP"
"chem7",23,1,85560,6043600,0.98607627325011,6129160,4.26185221593527,"CFP"
"chem7",24,1,NA,NA,NA,NA,NA,"CFP"
"chem7",25,1,67390,3871030,0.982887584201382,3938420,4.05176089510122,"CFP"
"chem7",26,1,27669,1464010,0.981383247282242,1491679,3.96563182972044,"CFP"
"chem7",27,1,20240,1289475,0.984573482323092,1309715,4.15714059112416,"CFP"
"chem7",28,1,26956,1357205,0.980711103516158,1384161,3.93585748523123,"CFP"
"chem7",29,1,25645,1630730,0.984508683610857,1656375,4.16024554051771,"CFP"
"chem7",30,1,29670,984690,0.970515737563313,1014360,3.53408425045071,"CFP"
"chem7",31,1,24978,935195,0.973320032972092,960173,3.69967023868598,"CFP"
"chem7",32,1,29716,1055025,0.972363332740104,1084741,3.67991348154121,"CFP"
"chem7",33,1,31073,2011060,0.98469437005496,2042133,4.16423233555119,"CFP"
"chem7",34,1,47426,3060875,0.983275895596027,3108301,4.1347099353065,"CFP"
"chem7",35,1,57960,2933230,0.980599415436935,2991190,3.92362650914141,"CFP"
"chem7",36,1,81190,3060875,0.970742129513614,3142065,3.66314333411778,"CFP"
"chem7",37,1,80270,3964810,0.978764845722975,4050830,3.83063338627137,"CFP"
"chem7",38,1,77050,4037750,0.981344879807526,4114800,3.9673921726651,"CFP"
"chem7",39,1,45080,2537270,0.981397346049396,2582350,3.99173003874147,"CFP"
"chem7",40,1,38525,2209040,0.982370484894588,2247565,4.02692297129097,"CFP"
"chem7",41,1,64170,3076505,0.978120323043649,3140675,3.81947843116827,"CFP"
"chem7",42,1,84410,1380650,0.928666196434299,1465060,2.6756214544196,"CFP"
"chem7",43,1,NA,2193410,NA,NA,NA,"CFP"
"chem7",44,1,63250,1932910,0.956182954060905,1996160,3.30611715582316,"CFP"
"chem8",1,1,445.455,5060,0.919069503421212,5505.455,2.43125047125667,"YFP"
"chem8",2,1,870.07,6762,0.885217843624432,7632.07,2.04760562503024,"YFP"
"chem8",3,1,1917.28,108790,0.982441919790336,110707.28,4.03172014175361,"YFP"
"chem8",4,1,6095.7,2300000,0.997354287809886,2306095.7,5.93926005631755,"YFP"
"chem8",5,1,14040.95,30429000,0.999537736610797,30443040.95,7.68746755968534,"YFP"
"chem8",6,1,22142.5,68540000,0.999675259452069,68562142.5,8.03347196324252,"YFP"
"chem8",7,1,82578.5,51750000,0.998422318547832,51832578.5,6.4570011638838,"YFP"
"chem8",8,1,133897,38088000,0.99649568791053,38221897,5.65027306233765,"YFP"
"chem8",9,1,248256.5,21942000,0.988825452794481,22190256.5,4.48798359073973,"YFP"
"chem8",10,1,361834.5,12098000,0.970971966063671,12459834.5,3.51006560798589,"YFP"
"chem8",11,1,435816.5,6463000,0.936778941097602,6898816.5,2.69727182862872,"YFP"
"chem8",12,1,342297,5704000,0.943051742420844,6046297,2.8120676430829,"YFP"
"chem8",13,1,203190,7981000,0.973615765875144,7701190,3.60825009540094,"YFP"
"chem8",14,1,272222.5,7590000,0.96367090256046,7862222.5,3.305332771176,"YFP"
"chem8",15,1,215954.5,9706000,0.978033884210779,9921954.5,3.8021647758394,"YFP"
"chem8",16,1,264147,14812000,0.98182183802378,15076147,4.00499492591883,"YFP"
"chem8",17,1,212568,13156000,0.979998870744181,13368568,4.03758418378827,"YFP"
"chem8",18,1,NA,NA,NA,NA,NA,"YFP"
"chem8",19,1,191988.5,7353100,0.963821082306991,7545088.5,3.49503265519807,"YFP"
"chem8",20,1,212047,6191600,0.963867295573419,6403647,3.34222894306212,"YFP"
"chem8",21,1,229761,4933500,0.953968877646399,5163261,3.04607732961014,"YFP"
"chem8",22,1,84662.5,1734200,0.948284744868296,1818862.5,2.9703620353674,"YFP"
"chem8",23,1,182871,2520800,0.932231779153729,2703671,2.62491715677684,"YFP"
"chem8",24,1,NA,NA,NA,NA,NA,"YFP"
"chem8",25,1,836205,2886500,0.774409491687131,3722705,1.23699367419669,"YFP"
"chem8",26,1,336045,2467900,0.880109691140939,2803945,1.99349866556044,"YFP"
"chem8",27,1,180787,2150500,0.922414962321906,2331287,2.47563570674974,"YFP"
"chem8",28,1,149527,1943500,0.928181784934802,2093027,2.55986596100414,"YFP"
"chem8",29,1,148485,1927400,0.928494107021546,2075885,2.56900297647238,"YFP"
"chem8",30,1,135460,1752600,0.928101190976947,1888060,2.56699371665735,"YFP"
"chem8",31,1,156039.5,2070000,0.929411934983155,2226039.5,2.58661225725811,"YFP"
"chem8",32,1,129494.55,2058500,0.942088822935087,2187994.55,3.10529365998834,"YFP"
"chem8",33,1,135460,3082000,0.956698210165143,3217460,3.22826945419447,"YFP"
"chem8",34,1,180526.5,2047000,0.917590148528554,2227526.5,2.42554770056972,"YFP"
"chem8",35,1,125300.5,2012500,0.941078329828972,2137800.5,2.77182022522917,"YFP"
"chem8",36,1,222988,2553000,0.919587979440309,2775988,2.44033995787952,"YFP"
"chem8",37,1,432169.5,2904900,0.874853825833985,3337069.5,1.95896510629757,"YFP"
"chem8",38,1,199282.5,2180400,0.916411887287401,2379682.5,2.39659640699987,"YFP"
"chem8",39,1,146922,1966500,0.929174923059775,2113422,2.59250215807327,"YFP"
"chem8",40,1,177400.5,2067700,0.920925369957007,2245100.5,2.46956331108013,"YFP"
"chem8",41,1,177661,2695600,0.938046740911901,2873261,2.71751272021695,"YFP"
"chem8",42,1,121914,1851500,0.938030936748559,1973414,2.71996287114438,"YFP"
"chem8",43,1,214131,2421900,0.918791104274332,2636031,2.42619867698106,"YFP"
"chem8",44,1,124258.5,2265500,0.948514912463037,2389758.5,2.93342705264309,"YFP"
