"chemostat","time","prev0","logit_g","logit_prev"
"chem_epidemic_1",1,1,0.0266067015594391,-4.57480303944123
"chem_epidemic_1",2,1,0.296268457719869,-4.32055425100556
"chem_epidemic_1",3,1,1.03843990047943,-3.41762425256928
"chem_epidemic_1",4,1,1.72088749724578,-1.98343662640056
"chem_epidemic_1",5,1,1.95978659482387,-0.473734749227084
"chem_epidemic_1",6,1,1.47599220469975,0.726259864501285
"chem_epidemic_1",7,1,0.619756468869342,1.59904437273919
"chem_epidemic_1",8,1,0.221588844194282,2.30012521695682
"chem_epidemic_1",9,1,0.153048809222563,2.70094315355145
"chem_epidemic_1",10,1,0.103695283469332,2.86806727400306
"chem_epidemic_1",11,1,0.0891846811923745,2.94980964898302
"chem_epidemic_1",12,1,0.0900879646468672,2.97440229473408
"chem_epidemic_1",13,1,0.0756941841062583,3.00167956005459
"chem_epidemic_1",14,1,0.038785759881484,3.02649157941937
"chem_epidemic_1",15,1,0.0279029496394535,3.04951357314748
"chem_epidemic_1",16,1,0.00996695576261862,3.1041748305972
"chem_epidemic_1",17,1,0.0122472333173294,3.12345461165909
"chem_epidemic_1",18,1,-0.00106328729370634,3.13145015981902
"chem_epidemic_1",19,1,-0.0122220292614313,3.19093934984995
"chem_epidemic_1",20,1,-0.0234970311928894,3.21199874035209
"chem_epidemic_1",21,1,-0.048192695735693,3.2387410881389
"chem_epidemic_1",22,1,-0.0652633030968844,3.27977088477059
"chem_epidemic_1",23,1,-0.05820720578096,3.30403382300512
"chem_epidemic_1",24,1,-0.0741088142581371,3.33914808613783
"chem_epidemic_1",25,1,-0.109850891515051,3.37212559612915
"chem_epidemic_1",26,1,-0.108845912304411,3.39324412570436
"chem_epidemic_1",27,1,-0.129984622882813,3.45002250429528
"chem_epidemic_1",28,1,-0.154858987871311,3.47451395726995
"chem_epidemic_1",29,1,-0.145772385887457,3.49274046065173
"chem_epidemic_1",30,1,-0.161183750979629,3.54761174868105
"chem_epidemic_1",31,1,-0.174479468935433,3.57010432036635
"chem_epidemic_1",32,1,-0.184454644114958,3.59347339867149
"chem_epidemic_1",33,1,-0.190898311688683,3.63578207216273
"chem_epidemic_1",34,1,-0.210770325927826,3.66584487470275
"chem_epidemic_1",35,1,-0.232090677692961,3.69534169386994
"chem_epidemic_1",36,1,-0.246371141120365,3.72390768812939
"chem_epidemic_1",37,1,-0.253434941117864,3.75229221350554
"chem_epidemic_1",38,1,-0.26210756145693,3.77570516587835
"chem_epidemic_1",39,1,-0.288692519235374,3.80267840660034
"chem_epidemic_1",40,1,-0.29322406244199,3.83119245875328
"chem_epidemic_1",41,1,-0.294790935270021,3.85715737958847
"chem_epidemic_1",42,1,-0.318626516673853,3.89098334792514
"chem_epidemic_1",43,1,-0.337605597348233,3.90921995728383
"chem_epidemic_1",44,1,-0.346456173336619,3.97223064601228
"chem_epidemic_1",45,1,-0.345623308327628,3.99114597854275
"chem_epidemic_1",46,1,-0.364340248774654,3.99622090266988
"chem_epidemic_1",47,1,-0.370542725247096,4.03167129395772
"chem_epidemic_1",48,1,-0.394585274212364,4.05914635237382
"chem_epidemic_1",49,1,-0.404938317267247,4.09959194066661
"chem_epidemic_1",50,1,-0.427688566936524,4.11880654099519
"chem_epidemic_1",51,1,-0.429111400196795,4.1498917885725
"chem_epidemic_1",52,1,-0.453287793517081,4.17466374427568
"chem_epidemic_1",53,1,-0.475487766552063,4.20198509879232
"chem_epidemic_1",54,1,-0.473058195073039,4.24344009011642
"chem_epidemic_1",55,1,-0.467934040875962,4.25471392870331
"chem_epidemic_1",56,1,-0.492436306146372,4.2992328068802
"chem_epidemic_1",57,1,-0.501844331253502,4.29555746098817
"chem_epidemic_1",58,1,-0.522958291601772,4.34374992940609
"chem_epidemic_1",59,1,-0.545681019396309,4.3658844968983
"chem_epidemic_1",60,1,-0.554665115251615,4.39343229581671
"chem_endemic_1",1,100,-0.0098578689957226,4.61278179945943
"chem_endemic_1",2,100,-0.0244533050064747,4.63857008128173
"chem_endemic_1",3,100,-0.0259370817287993,4.67607125179237
"chem_endemic_1",4,100,-0.0581150077165952,4.70274832898445
"chem_endemic_1",5,100,-0.0505795597954565,4.73400502841799
"chem_endemic_1",6,100,-0.0636697929992746,4.77850475153332
"chem_endemic_1",7,100,-0.0973478755487592,4.81008135158738
"chem_endemic_1",8,100,-0.0920073810042646,4.83587401592484
"chem_endemic_1",9,100,-0.0871351211921057,4.87405092249001
"chem_endemic_1",10,100,-0.130041234919899,4.91462060103317
"chem_endemic_1",11,100,-0.129049507109321,4.91834540945878
"chem_endemic_1",12,100,-0.15834846182261,4.92916521889515
"chem_endemic_1",13,100,-0.152446013248503,4.99119246755247
"chem_endemic_1",14,100,-0.17408056687237,5.00280506676897
"chem_endemic_1",15,100,-0.173084477259337,5.03166690074648
"chem_endemic_1",16,100,-0.217217367185802,5.0773431260931
"chem_endemic_1",17,100,-0.216163934017094,5.09267237174336
"chem_endemic_1",18,100,-0.233942808772282,5.11163915721947
"chem_endemic_1",19,100,-0.243668145678841,5.15388015663976
"chem_endemic_1",20,100,-0.261012588969725,5.17879440852046
"chem_endemic_1",21,100,-0.276075929807462,5.20825334386996
"chem_endemic_1",22,100,-0.274970371901351,5.23995777631796
"chem_endemic_1",23,100,-0.304652933467666,5.26020520735111
"chem_endemic_1",24,100,-0.291955795490819,5.29806062334806
"chem_endemic_1",25,100,-0.331676614828276,5.31701588864785
"chem_endemic_1",26,100,-0.331821684456141,5.35004193342139
"chem_endemic_1",27,100,-0.340520009387847,5.38509593136533
"chem_endemic_1",28,100,-0.352999490288813,5.40578344591918
"chem_endemic_1",29,100,-0.374900782147704,5.42537765234035
"chem_endemic_1",30,100,-0.384104312511517,5.46723220561278
"chem_endemic_1",31,100,-0.388302267228562,5.49268872216804
"chem_endemic_1",32,100,-0.42549471722677,5.51515016209048
"chem_endemic_1",33,100,-0.431762190732084,5.53886952859153
"chem_endemic_1",34,100,-0.433755105051462,5.55692322810928
"chem_endemic_1",35,100,-0.454420893898487,5.60343349321645
"chem_endemic_1",36,100,-0.449286603340954,5.61035419303922
"chem_endemic_1",37,100,-0.469267308553315,5.66466561255211
"chem_endemic_1",38,100,-0.488291029413829,5.68446008483435
"chem_endemic_1",39,100,-0.517102776437102,5.69302539771825
"chem_endemic_1",40,100,-0.514776374270256,5.71127386253976
"chem_endemic_1",41,100,-0.531213385421892,5.74049744081671
"chem_endemic_1",42,100,-0.542084228726962,5.77614205707175
"chem_endemic_1",43,100,-0.565887588707062,5.79698680430469
"chem_endemic_1",44,100,-0.562096353881969,5.82176809803783
"chem_endemic_1",45,100,-0.590483150392293,5.84142694290876
"chem_endemic_1",46,100,-0.595366179715031,5.8761027630115
"chem_endemic_1",47,100,-0.602299805938747,5.89422471585132
"chem_endemic_1",48,100,-0.626959064787882,5.91082636970971
"chem_endemic_1",49,100,-0.626303581489275,5.94904735862087
"chem_endemic_1",50,100,-0.65830794159751,5.98729572736793
"chem_endemic_1",51,100,-0.686249686954576,5.99752122696996
"chem_endemic_1",52,100,-0.666511130320931,6.03443656698344
"chem_endemic_1",53,100,-0.675764056210186,6.03717410863205
"chem_endemic_1",54,100,-0.700036333645766,6.07770760483292
"chem_endemic_1",55,100,-0.705144828757033,6.1082823533592
"chem_endemic_1",56,100,-0.734753261493378,6.13084013038779
"chem_endemic_1",57,100,-0.737473386186856,6.15354142274312
"chem_endemic_1",58,100,-0.768624692394781,6.17064990282814
"chem_endemic_1",59,100,-0.750405118398535,6.19304894871377
"chem_endemic_1",60,100,-0.756625052887926,6.21571094943509
"chem_epidemic_2",1,1,0.0371423170770087,-4.5680218170047
"chem_epidemic_2",2,1,0.292854411420669,-4.32772722225258
"chem_epidemic_2",3,1,1.0248244500963,-3.43811691014778
"chem_epidemic_2",4,1,1.70451363723936,-1.98670263223679
"chem_epidemic_2",5,1,1.96056202506244,-0.456589006526372
"chem_epidemic_2",6,1,1.466096262595,0.702589715615498
"chem_epidemic_2",7,1,0.604041306907175,1.59678907640215
"chem_epidemic_2",8,1,0.213212531789542,2.31355543779852
"chem_epidemic_2",9,1,0.133782372114153,2.69819311572908
"chem_epidemic_2",10,1,0.0990142395121055,2.87181081284282
"chem_epidemic_2",11,1,0.0862722176655937,2.95201433959286
"chem_epidemic_2",12,1,0.0638714620920895,2.9753191969943
"chem_epidemic_2",13,1,0.0796292398742594,2.99808417476858
"chem_epidemic_2",14,1,0.0495256533335167,3.02115978393652
"chem_epidemic_2",15,1,0.047383110416352,3.03453951227961
"chem_epidemic_2",16,1,-0.00246925034625176,3.09761907136331
"chem_epidemic_2",17,1,0.00589678309118268,3.10386970616755
"chem_epidemic_2",18,1,-0.00946651888881171,3.15851580649409
"chem_epidemic_2",19,1,-0.028092437928641,3.20301682652648
"chem_epidemic_2",20,1,-0.0135525167928341,3.20228772281965
"chem_epidemic_2",21,1,-0.0563265864735378,3.25643716855252
"chem_epidemic_2",22,1,-0.052142414581817,3.27932865902315
"chem_epidemic_2",23,1,-0.0600106934859122,3.29857242589674
"chem_epidemic_2",24,1,-0.0798375254000201,3.33129032189292
"chem_epidemic_2",25,1,-0.103511780916719,3.36236062707189
"chem_epidemic_2",26,1,-0.0984827797286765,3.40480199359008
"chem_epidemic_2",27,1,-0.11931926383684,3.42702707800038
"chem_epidemic_2",28,1,-0.144786456229712,3.47985939382134
"chem_epidemic_2",29,1,-0.161154077675359,3.5251229194271
"chem_epidemic_2",30,1,-0.139524459542112,3.52220329471
"chem_epidemic_2",31,1,-0.180290807714486,3.57371706662634
"chem_epidemic_2",32,1,-0.20517188607215,3.60411453591142
"chem_epidemic_2",33,1,-0.194390369705113,3.63015284134178
"chem_epidemic_2",34,1,-0.209723998412051,3.64697977374465
"chem_epidemic_2",35,1,-0.239464662621451,3.68593135698726
"chem_epidemic_2",36,1,-0.258452712736971,3.71421733223669
"chem_epidemic_2",37,1,-0.253279938359039,3.75238293230237
"chem_epidemic_2",38,1,-0.253813768405625,3.77259989542308
"chem_epidemic_2",39,1,-0.271934475356532,3.8155077671046
"chem_epidemic_2",40,1,-0.296310347995186,3.83125136018574
"chem_epidemic_2",41,1,-0.312805490187544,3.87463156403347
"chem_epidemic_2",42,1,-0.314833048194003,3.88257075063867
"chem_epidemic_2",43,1,-0.329047857200127,3.90927236835193
"chem_epidemic_2",44,1,-0.337399604185437,3.98295148570831
"chem_epidemic_2",45,1,-0.360727773284136,3.97489778267809
"chem_epidemic_2",46,1,-0.360847147854764,4.01043426441732
"chem_epidemic_2",47,1,-0.391217598521275,4.04206583905105
"chem_epidemic_2",48,1,-0.399281699785181,4.05897509965297
"chem_epidemic_2",49,1,-0.401632922994892,4.09696090992638
"chem_epidemic_2",50,1,-0.412204281726772,4.12332987693376
"chem_epidemic_2",51,1,-0.454550153900633,4.14520479835614
"chem_epidemic_2",52,1,-0.447152554025027,4.17560214216442
"chem_epidemic_2",53,1,-0.45519432138776,4.20207313082785
"chem_epidemic_2",54,1,-0.488846367864787,4.25103858626643
"chem_epidemic_2",55,1,-0.482586297054525,4.24955827759717
"chem_epidemic_2",56,1,-0.508727192246071,4.27310813816516
"chem_epidemic_2",57,1,-0.50329433503132,4.31142287302218
"chem_epidemic_2",58,1,-0.521162028511677,4.34100859940416
"chem_epidemic_2",59,1,-0.531904924663191,4.36901118924895
"chem_epidemic_2",60,1,-0.551435513407642,4.38668922680216
"chem_endemic_2",1,100,0.00151109641397419,4.59835214329212
"chem_endemic_2",2,100,-0.00596116192550845,4.65622516757372
"chem_endemic_2",3,100,-0.0133162744135401,4.67590682174953
"chem_endemic_2",4,100,-0.0464253232404317,4.70427895418899
"chem_endemic_2",5,100,-0.0817337320199083,4.74236014499334
"chem_endemic_2",6,100,-0.0719960578155936,4.77349770617579
"chem_endemic_2",7,100,-0.083306039873572,4.81669845669822
"chem_endemic_2",8,100,-0.099955754454714,4.8361913465795
"chem_endemic_2",9,100,-0.10575450150778,4.87236878566306
"chem_endemic_2",10,100,-0.11436230045534,4.88912683400518
"chem_endemic_2",11,100,-0.14267837382508,4.92540017421516
"chem_endemic_2",12,100,-0.153467396637977,4.94901004853665
"chem_endemic_2",13,100,-0.159574705342528,4.98208091758958
"chem_endemic_2",14,100,-0.182081051486527,5.00094344081502
"chem_endemic_2",15,100,-0.188690957340687,5.02543897157787
"chem_endemic_2",16,100,-0.222244735889286,5.08705954624361
"chem_endemic_2",17,100,-0.226849952369817,5.1015271900506
"chem_endemic_2",18,100,-0.241951111767067,5.11133362072576
"chem_endemic_2",19,100,-0.250231733955351,5.14595546267547
"chem_endemic_2",20,100,-0.261649846822172,5.16832852129888
"chem_endemic_2",21,100,-0.263914442576649,5.2301838054998
"chem_endemic_2",22,100,-0.27093646562229,5.24922910207103
"chem_endemic_2",23,100,-0.301050961617772,5.26126035710207
"chem_endemic_2",24,100,-0.316764494630162,5.29704879845519
"chem_endemic_2",25,100,-0.330231437565034,5.31507735478685
"chem_endemic_2",26,100,-0.336978363233731,5.34196164483608
"chem_endemic_2",27,100,-0.348240192937638,5.36624151285533
"chem_endemic_2",28,100,-0.354030668341357,5.39548545833625
"chem_endemic_2",29,100,-0.375096563930724,5.44514604286903
"chem_endemic_2",30,100,-0.405684225153401,5.45520384817741
"chem_endemic_2",31,100,-0.39882925150216,5.48394613597269
"chem_endemic_2",32,100,-0.39905818994949,5.51210306679139
"chem_endemic_2",33,100,-0.41202878093166,5.54880697002527
"chem_endemic_2",34,100,-0.444848760375741,5.55804165056022
"chem_endemic_2",35,100,-0.465450839551493,5.57990189722723
"chem_endemic_2",36,100,-0.438406038362011,5.63311375823472
"chem_endemic_2",37,100,-0.477624066611658,5.63838065045289
"chem_endemic_2",38,100,-0.489987209439033,5.66190331887309
"chem_endemic_2",39,100,-0.497819461374754,5.68301967012042
"chem_endemic_2",40,100,-0.53117777108971,5.70869091431965
"chem_endemic_2",41,100,-0.535331417851835,5.74186177166072
"chem_endemic_2",42,100,-0.556465187644657,5.77975307815185
"chem_endemic_2",43,100,-0.561002942576611,5.81055220447861
"chem_endemic_2",44,100,-0.565894439990223,5.83231940757017
"chem_endemic_2",45,100,-0.593740680569092,5.84730655561046
"chem_endemic_2",46,100,-0.587204133106933,5.87715053963344
"chem_endemic_2",47,100,-0.603220623945087,5.89502779590909
"chem_endemic_2",48,100,-0.628166057153958,5.92033360745985
"chem_endemic_2",49,100,-0.629870246122265,5.96169612881352
"chem_endemic_2",50,100,-0.637662025956055,5.96794983549129
"chem_endemic_2",51,100,-0.647540987632353,6.02282763625097
"chem_endemic_2",52,100,-0.673289293015254,6.02745372782153
"chem_endemic_2",53,100,-0.685105822418907,6.05549832398124
"chem_endemic_2",54,100,-0.698045020759672,6.07087794744077
"chem_endemic_2",55,100,-0.695771473742399,6.09734439442214
"chem_endemic_2",56,100,-0.711943377319762,6.11465843544307
"chem_endemic_2",57,100,-0.727857884441029,6.15065540691791
"chem_endemic_2",58,100,-0.752082916632782,6.18124678696044
"chem_endemic_2",59,100,-0.758484512971256,6.20478903561572
"chem_endemic_2",60,100,-0.771191258191151,6.21813687247059
"chem_epidemic_3",1,1,0.0159854615312956,-4.57708450268425
"chem_epidemic_3",2,1,0.275844835931599,-4.32327446329416
"chem_epidemic_3",3,1,1.03157605379558,-3.41825072901231
"chem_epidemic_3",4,1,1.70438120815906,-1.99551474652147
"chem_epidemic_3",5,1,1.9526750085084,-0.476818142522496
"chem_epidemic_3",6,1,1.4707060826154,0.728132832849241
"chem_epidemic_3",7,1,0.616247410063845,1.59342546182601
"chem_epidemic_3",8,1,0.229227052091274,2.29917742226467
"chem_epidemic_3",9,1,0.129451459017645,2.70116398771764
"chem_epidemic_3",10,1,0.117368509461227,2.87737849349311
"chem_epidemic_3",11,1,0.107628860537935,2.93381280229193
"chem_epidemic_3",12,1,0.0848592500589799,2.96518539282801
"chem_epidemic_3",13,1,0.0433168360315627,2.99423267320736
"chem_epidemic_3",14,1,0.0636814404596258,3.02628971873131
"chem_epidemic_3",15,1,0.0360731001817655,3.07105707220648
"chem_epidemic_3",16,1,0.0287968891495177,3.08542004810778
"chem_epidemic_3",17,1,0.0166490937498417,3.12928410183831
"chem_epidemic_3",18,1,-0.00367855670495805,3.15742387254182
"chem_epidemic_3",19,1,-0.0166158081114692,3.18278939187925
"chem_epidemic_3",20,1,-0.018827037641766,3.20139763440046
"chem_epidemic_3",21,1,-0.0350577480509804,3.24420815202325
"chem_epidemic_3",22,1,-0.0454236947254549,3.27705192938579
"chem_epidemic_3",23,1,-0.0446457893894058,3.31476541181581
"chem_epidemic_3",24,1,-0.0749752686472594,3.3594389852074
"chem_epidemic_3",25,1,-0.0926854145679107,3.40130677854595
"chem_epidemic_3",26,1,-0.130000768901674,3.42558686940162
"chem_epidemic_3",27,1,-0.0941080046227868,3.44031312420705
"chem_epidemic_3",28,1,-0.138978245383854,3.45541495213601
"chem_epidemic_3",29,1,-0.123526240048385,3.50023403138113
"chem_epidemic_3",30,1,-0.156645198206993,3.53596567170108
"chem_epidemic_3",31,1,-0.158121474271334,3.57428980819226
"chem_epidemic_3",32,1,-0.187713272744732,3.60604939318625
"chem_epidemic_3",33,1,-0.194608255785668,3.63367390984645
"chem_epidemic_3",34,1,-0.210686721176238,3.64311079632942
"chem_epidemic_3",35,1,-0.22778752625796,3.6956223135099
"chem_epidemic_3",36,1,-0.240227086847377,3.71255571342412
"chem_epidemic_3",37,1,-0.24198856982901,3.74850106397178
"chem_epidemic_3",38,1,-0.267222312792435,3.77706979475585
"chem_epidemic_3",39,1,-0.298672540652762,3.81001970088745
"chem_epidemic_3",40,1,-0.293339866241864,3.83524391859167
"chem_epidemic_3",41,1,-0.299065701816338,3.84742969840182
"chem_epidemic_3",42,1,-0.311379158597994,3.90042748035307
"chem_epidemic_3",43,1,-0.324455712497514,3.92573418648301
"chem_epidemic_3",44,1,-0.360617736861055,3.94788457010611
"chem_epidemic_3",45,1,-0.353082373201136,3.98024780367016
"chem_epidemic_3",46,1,-0.360162096287325,4.0087923749556
"chem_epidemic_3",47,1,-0.370143696433236,4.03791033699632
"chem_epidemic_3",48,1,-0.398225865494423,4.08022136756983
"chem_epidemic_3",49,1,-0.412259994093979,4.08960178569391
"chem_epidemic_3",50,1,-0.407225619494263,4.12132088549876
"chem_epidemic_3",51,1,-0.451844387343892,4.15904244216324
"chem_epidemic_3",52,1,-0.45259275786432,4.18549102206294
"chem_epidemic_3",53,1,-0.456707490711531,4.21386643446904
"chem_epidemic_3",54,1,-0.490515862383693,4.22397938726568
"chem_epidemic_3",55,1,-0.484596274428959,4.27699646586283
"chem_epidemic_3",56,1,-0.481666809331581,4.28473510954521
"chem_epidemic_3",57,1,-0.513537471687328,4.32971350747754
"chem_epidemic_3",58,1,-0.529331389082339,4.32439476504942
"chem_epidemic_3",59,1,-0.534846330472807,4.3648557903234
"chem_epidemic_3",60,1,-0.555433428408386,4.40377202583897
"chem_endemic_3",1,100,0.0010086158131873,4.6018329827596
"chem_endemic_3",2,100,-0.0107219525641569,4.63606642613065
"chem_endemic_3",3,100,-0.0329518379557953,4.670017938593
"chem_endemic_3",4,100,-0.0579082942704384,4.70240895002214
"chem_endemic_3",5,100,-0.0724254283911751,4.74035134535095
"chem_endemic_3",6,100,-0.0782412915180867,4.77878125684887
"chem_endemic_3",7,100,-0.0773878469525734,4.78545714882188
"chem_endemic_3",8,100,-0.117984352729839,4.83746377799125
"chem_endemic_3",9,100,-0.130300639302876,4.87719499827538
"chem_endemic_3",10,100,-0.131006878348084,4.9144954943593
"chem_endemic_3",11,100,-0.133554601043595,4.93626748104135
"chem_endemic_3",12,100,-0.159662103848066,4.95982465528951
"chem_endemic_3",13,100,-0.15468563705957,4.9638677783167
"chem_endemic_3",14,100,-0.173245114370084,5.00388200731473
"chem_endemic_3",15,100,-0.191310027357955,5.03502652234533
"chem_endemic_3",16,100,-0.194439378535115,5.0741226514237
"chem_endemic_3",17,100,-0.211767303527647,5.09446338847383
"chem_endemic_3",18,100,-0.233132907283147,5.11125984806141
"chem_endemic_3",19,100,-0.239384347643897,5.16891147892321
"chem_endemic_3",20,100,-0.248241667963089,5.18929723506281
"chem_endemic_3",21,100,-0.264174660553492,5.21057000473587
"chem_endemic_3",22,100,-0.287337697727011,5.24828605840995
"chem_endemic_3",23,100,-0.285225104276255,5.25052406479668
"chem_endemic_3",24,100,-0.295266742550796,5.29822506084077
"chem_endemic_3",25,100,-0.317051803409705,5.3139916305029
"chem_endemic_3",26,100,-0.331391429345472,5.35356156900074
"chem_endemic_3",27,100,-0.346606153063911,5.37351932168723
"chem_endemic_3",28,100,-0.337252685216712,5.40776123814116
"chem_endemic_3",29,100,-0.369120160187682,5.44199214434626
"chem_endemic_3",30,100,-0.386482272751801,5.45581703033144
"chem_endemic_3",31,100,-0.422994086768632,5.49292926997794
"chem_endemic_3",32,100,-0.426582875706311,5.49778185214392
"chem_endemic_3",33,100,-0.424721525622869,5.52926616683605
"chem_endemic_3",34,100,-0.434896187746198,5.57839446598355
"chem_endemic_3",35,100,-0.447204349526501,5.59360084846139
"chem_endemic_3",36,100,-0.454771575476178,5.59583456070635
"chem_endemic_3",37,100,-0.477941371280068,5.62915190810112
"chem_endemic_3",38,100,-0.476866808993151,5.6671261684166
"chem_endemic_3",39,100,-0.511240363690431,5.7040401953526
"chem_endemic_3",40,100,-0.527121803727949,5.72051923898568
"chem_endemic_3",41,100,-0.54033908851546,5.75384338117391
"chem_endemic_3",42,100,-0.533637793349891,5.78316327375806
"chem_endemic_3",43,100,-0.554901195859897,5.81616427137794
"chem_endemic_3",44,100,-0.559184755102063,5.82580369136456
"chem_endemic_3",45,100,-0.582770650204794,5.8504233095196
"chem_endemic_3",46,100,-0.599022880922735,5.85902066666817
"chem_endemic_3",47,100,-0.609797589984526,5.90306703648677
"chem_endemic_3",48,100,-0.637650075140169,5.92178728849663
"chem_endemic_3",49,100,-0.643829648150217,5.94310952799571
"chem_endemic_3",50,100,-0.659563184044578,5.97630669896685
"chem_endemic_3",51,100,-0.647608717445217,6.01342412832348
"chem_endemic_3",52,100,-0.677134111142417,6.00842943887431
"chem_endemic_3",53,100,-0.676274855951895,6.04908014284289
"chem_endemic_3",54,100,-0.682012973392933,6.079429597324
"chem_endemic_3",55,100,-0.712103839394048,6.09415620561922
"chem_endemic_3",56,100,-0.720355307179018,6.13116762619111
"chem_endemic_3",57,100,-0.75371257531256,6.15659896000779
"chem_endemic_3",58,100,-0.757396206409573,6.17672660131843
"chem_endemic_3",59,100,-0.761654778819092,6.1768870102365
"chem_endemic_3",60,100,-0.772233292469996,6.25166681879981
"chem_epidemic_4",1,1,0.0188082133012,-4.57125127555039
"chem_epidemic_4",2,1,0.319976471077074,-4.31174054329485
"chem_epidemic_4",3,1,1.02057385212814,-3.43047367080041
"chem_epidemic_4",4,1,1.72031674903717,-1.97389497796662
"chem_epidemic_4",5,1,1.95915609029509,-0.466851032114953
"chem_epidemic_4",6,1,1.46794341805418,0.707011282920167
"chem_epidemic_4",7,1,0.604173062290515,1.59821688840138
"chem_epidemic_4",8,1,0.237785846355759,2.30332174099164
"chem_epidemic_4",9,1,0.152935450312688,2.71638091217937
"chem_epidemic_4",10,1,0.107207911151774,2.86791351031522
"chem_epidemic_4",11,1,0.0958651963229027,2.96173656454651
"chem_epidemic_4",12,1,0.0750733369846992,2.95429366750663
"chem_epidemic_4",13,1,0.0729178972218241,2.99303197311899
"chem_epidemic_4",14,1,0.0381240046629978,3.03363855088751
"chem_epidemic_4",15,1,0.0598422618835729,3.06017330996381
"chem_epidemic_4",16,1,0.0175124338784414,3.08041088884402
"chem_epidemic_4",17,1,-0.00415973275324986,3.10850829945472
"chem_epidemic_4",18,1,-0.0062208742448217,3.15256108843242
"chem_epidemic_4",19,1,-0.0143960912935319,3.18378271670264
"chem_epidemic_4",20,1,-0.0127823962582727,3.19882384205672
"chem_epidemic_4",21,1,-0.0330616705081297,3.24976483587011
"chem_epidemic_4",22,1,-0.0539017328654394,3.2838529370741
"chem_epidemic_4",23,1,-0.0823698915815907,3.31604113145801
"chem_epidemic_4",24,1,-0.0902798047309215,3.33588682800471
"chem_epidemic_4",25,1,-0.0963920754640567,3.38313732159067
"chem_epidemic_4",26,1,-0.0823641766613123,3.42389676018138
"chem_epidemic_4",27,1,-0.139627420397432,3.44620699788214
"chem_epidemic_4",28,1,-0.122840930647431,3.46162434138784
"chem_epidemic_4",29,1,-0.152545929771678,3.49976537532493
"chem_epidemic_4",30,1,-0.143731724887169,3.53853463566589
"chem_epidemic_4",31,1,-0.184897782660036,3.5593692218384
"chem_epidemic_4",32,1,-0.185179937186342,3.57484765015126
"chem_epidemic_4",33,1,-0.210718472749677,3.63567332375256
"chem_epidemic_4",34,1,-0.203791136709043,3.64876876371117
"chem_epidemic_4",35,1,-0.211088524376845,3.68139028034589
"chem_epidemic_4",36,1,-0.21951593853714,3.73206029167844
"chem_epidemic_4",37,1,-0.244140906611557,3.73901158767412
"chem_epidemic_4",38,1,-0.246775068776941,3.78478159838601
"chem_epidemic_4",39,1,-0.265831476621737,3.79313120444955
"chem_epidemic_4",40,1,-0.292699722871806,3.83145174473267
"chem_epidemic_4",41,1,-0.299693235488854,3.86336888918631
"chem_epidemic_4",42,1,-0.327263657876267,3.88137600646109
"chem_epidemic_4",43,1,-0.332473412366299,3.91552643815042
"chem_epidemic_4",44,1,-0.331487084568876,3.95025267082961
"chem_epidemic_4",45,1,-0.351356952346424,3.98577331824703
"chem_epidemic_4",46,1,-0.365267115070542,3.99094652306766
"chem_epidemic_4",47,1,-0.393290793644784,4.0322025999186
"chem_epidemic_4",48,1,-0.402021385087323,4.07137697029551
"chem_epidemic_4",49,1,-0.416687128369687,4.08640419788347
"chem_epidemic_4",50,1,-0.418151039112908,4.12191315087664
"chem_epidemic_4",51,1,-0.445070183190764,4.1522808891332
"chem_epidemic_4",52,1,-0.442604044194199,4.17762756198249
"chem_epidemic_4",53,1,-0.472446275624441,4.20894638015995
"chem_epidemic_4",54,1,-0.456052820148527,4.2285269806665
"chem_epidemic_4",55,1,-0.482786639558496,4.25283487342398
"chem_epidemic_4",56,1,-0.507455485664635,4.25763661131562
"chem_epidemic_4",57,1,-0.511086405827952,4.31011557884567
"chem_epidemic_4",58,1,-0.530071380824983,4.34220663887332
"chem_epidemic_4",59,1,-0.535883968015551,4.36999994286853
"chem_epidemic_4",60,1,-0.55020737951291,4.38572009661614
"chem_endemic_4",1,100,-0.0172665296542181,4.62678043372958
"chem_endemic_4",2,100,-0.0276794459968485,4.64645756000911
"chem_endemic_4",3,100,-0.0299828177207008,4.68066648421366
"chem_endemic_4",4,100,-0.0297508536054255,4.72565675061021
"chem_endemic_4",5,100,-0.048397051029875,4.73753827846956
"chem_endemic_4",6,100,-0.0785569925977145,4.77096607888003
"chem_endemic_4",7,100,-0.0771024229415968,4.82957377860158
"chem_endemic_4",8,100,-0.0988879845108328,4.83545526552974
"chem_endemic_4",9,100,-0.108424251198367,4.88116393202529
"chem_endemic_4",10,100,-0.121865465193117,4.87973468772775
"chem_endemic_4",11,100,-0.111744051886167,4.92135055309892
"chem_endemic_4",12,100,-0.162379331472289,4.95604114668792
"chem_endemic_4",13,100,-0.162543928840402,4.98413546775991
"chem_endemic_4",14,100,-0.194378586951312,4.99984071179969
"chem_endemic_4",15,100,-0.183705271945981,5.03873957965741
"chem_endemic_4",16,100,-0.191661575183219,5.05631320586501
"chem_endemic_4",17,100,-0.201194332744829,5.10264713506632
"chem_endemic_4",18,100,-0.247925009529397,5.13469408524062
"chem_endemic_4",19,100,-0.237567802016138,5.1298172448774
"chem_endemic_4",20,100,-0.238783102029029,5.19254025676785
"chem_endemic_4",21,100,-0.271877652632535,5.19578525704288
"chem_endemic_4",22,100,-0.282879100968335,5.24065266499652
"chem_endemic_4",23,100,-0.294142498548944,5.27051083405046
"chem_endemic_4",24,100,-0.303145917292052,5.28961795958186
"chem_endemic_4",25,100,-0.313162950217679,5.31276961469744
"chem_endemic_4",26,100,-0.319654267132979,5.34837732399466
"chem_endemic_4",27,100,-0.346804778160562,5.37851572824098
"chem_endemic_4",28,100,-0.356904063225015,5.41026465921033
"chem_endemic_4",29,100,-0.347003336736825,5.40811359835665
"chem_endemic_4",30,100,-0.380588343183651,5.43938033674768
"chem_endemic_4",31,100,-0.396027377653361,5.4970577070203
"chem_endemic_4",32,100,-0.42435248930884,5.52013248096652
"chem_endemic_4",33,100,-0.423916233140541,5.54083510072949
"chem_endemic_4",34,100,-0.439172389726297,5.57035407294078
"chem_endemic_4",35,100,-0.450083532413211,5.59899871790756
"chem_endemic_4",36,100,-0.468740819693375,5.58974756092603
"chem_endemic_4",37,100,-0.482868003711291,5.65389505358833
"chem_endemic_4",38,100,-0.496220433256178,5.66428410260687
"chem_endemic_4",39,100,-0.504170248415733,5.69768856961556
"chem_endemic_4",40,100,-0.501356050043232,5.718586493534
"chem_endemic_4",41,100,-0.517558360474329,5.75632115599449
"chem_endemic_4",42,100,-0.544660514771187,5.77008849549063
"chem_endemic_4",43,100,-0.570931160981892,5.80463876074819
"chem_endemic_4",44,100,-0.575528768605628,5.82133667424542
"chem_endemic_4",45,100,-0.584671191321628,5.84001525649039
"chem_endemic_4",46,100,-0.592067579858324,5.88865314536399
"chem_endemic_4",47,100,-0.612740136990269,5.90948276065863
"chem_endemic_4",48,100,-0.599057099989432,5.94474841146716
"chem_endemic_4",49,100,-0.63485617089026,5.95350116314954
"chem_endemic_4",50,100,-0.657282282283388,5.9893557887356
"chem_endemic_4",51,100,-0.659564557737796,6.02302888713623
"chem_endemic_4",52,100,-0.681214586044723,6.0255421026108
"chem_endemic_4",53,100,-0.682607897407043,6.04012342458739
"chem_endemic_4",54,100,-0.694841543268954,6.07586970881679
"chem_endemic_4",55,100,-0.706630215186665,6.10094786891992
"chem_endemic_4",56,100,-0.739412678833784,6.12934540181121
"chem_endemic_4",57,100,-0.733994787208893,6.16960771057483
"chem_endemic_4",58,100,-0.746105007828958,6.17379552398614
"chem_endemic_4",59,100,-0.776428011787965,6.20527603873215
"chem_endemic_4",60,100,-0.765670505106054,6.22367539669218
